Index	Name	Address	Chr	Position	GenTrain Score	Frac A	Frac C	Frac G	Frac T	202349340137_R02C02.GType	202349340137_R02C02.Score	202349340137_R02C02.Theta	202349340137_R02C02.R	202349340137_R02C02.LRR
1	cnvi0111185	32721326	13	100631779	0	0.09803922	0.4901961	0.1372549	0.2745098	NC	0	0.9725983	1.216371	-0.07423624
2	cnvi0111186	38656346	2	177058958	0	0.2352941	0.1960784	0.254902	0.3137255	NC	0	0.02724177	0.4371466	-0.2409193
3	cnvi0111187	14709352	17	35295593	0	0.3137255	0.254902	0.2352941	0.1960784	NC	0	0.9926239	1.467775	-0.03020958
4	cnvi0111188	21711426	8	65499402	0	0.2745098	0.1568628	0.2156863	0.3529412	NC	0	0.01847805	1.211199	-0.1258229
5	cnvi0111189	36619406	2	177061178	0	0.2156863	0.3921569	0.09803922	0.2941177	NC	0	0.03669544	1.415111	-0.05972548
6	cnvi0111192	12715421	8	61788030	0	0.3333333	0.09803922	0.3529412	0.2156863	NC	0	0.02488711	1.169325	0.02970646
7	cnvi0111193	32715372	3	33482656	0	0.254902	0.3529412	0.2745098	0.1176471	NC	0	0.01878669	1.025877	-0.1722592
8	cnvi0111194	34706421	14	29235583	0	0.4313726	0.1764706	0.2156863	0.1764706	NC	0	0.9879727	1.233241	-0.02554865
9	cnvi0111195	32622420	7	3633076	0	0.07843138	0.3137255	0.2352941	0.372549	NC	0	0.03687575	2.149728	0.005000148
